mini_game,category,skill_id,skill_name,current_level,buy_to_level,max_level,cost_resource,cost_amount,value_after_purchase,delta,notes
Tower Defense,Attack,damage,Damage +,0,0,60,,0,1.1 dmg,base,ligne ajoutee pour le niveau 0 sans achat
Tower Defense,Attack,damage,Damage +,0,1,60,Sigils,1,2 dmg,+1,
Tower Defense,Attack,damage,Damage +,1,2,60,Sigils,3,3 dmg,+1,
Tower Defense,Attack,damage,Damage +,2,3,60,Sigils,6,4 dmg,+1,
Tower Defense,Attack,damage,Damage +,3,4,60,Sigils,9,5 dmg,+1,
Tower Defense,Attack,damage,Damage +,4,5,60,Sigils,15,6 dmg,+1,
Tower Defense,Attack,damage,Damage +,5,6,60,Sigils,30,7 dmg,+1,
Tower Defense,Attack,damage,Damage +,6,7,60,Sigils,50,8 dmg,+1,
Tower Defense,Attack,damage,Damage +,7,8,60,Sigils,100,9 dmg,+1,
Tower Defense,Attack,damage,Damage +,8,9,60,Sigils,150,10 dmg,+1,
Tower Defense,Attack,damage,Damage +,9,10,60,Sigils,200,11 dmg,+1,
Tower Defense,Attack,damage,Damage +,10,11,60,Sigils,250,12 dmg,+1,
Tower Defense,Attack,damage,Damage +,11,12,60,Sigils,300,13 dmg,+1,
Tower Defense,Attack,damage,Damage +,12,13,60,Sigils,350,14 dmg,+1,
Tower Defense,Attack,damage,Damage +,13,14,60,Sigils,400,15 dmg,+1,
Tower Defense,Attack,damage,Damage +,14,15,60,Sigils,450,16 dmg,+1,
Tower Defense,Attack,damage,Damage +,15,16,60,Sigils,500,17 dmg,+1,
Tower Defense,Attack,damage,Damage +,16,17,60,Sigils,550,18 dmg,+1,
Tower Defense,Attack,damage,Damage +,17,18,60,Sigils,1500,19 dmg,+1,
Tower Defense,Attack,damage,Damage +,18,19,60,Sigils,1800,20 dmg,+1,
Tower Defense,Attack,damage,Damage +,19,20,60,Sigils,2100,21 dmg,+1,
Tower Defense,Attack,damage,Damage +,20,21,60,Sigils,2400,22 dmg,+1,
Tower Defense,Attack,damage,Damage +,21,22,60,Sigils,2700,23 dmg,+1,
Tower Defense,Attack,damage,Damage +,22,23,60,Sigils,3000,24 dmg,+1,
Tower Defense,Attack,damage,Damage +,23,24,60,Sigils,3300,25 dmg,+1,
Tower Defense,Attack,damage,Damage +,24,25,60,Sigils,3600,26 dmg,+1,
Tower Defense,Attack,damage,Damage +,25,26,60,Sigils,3900,27 dmg,+1,
Tower Defense,Attack,damage,Damage +,26,27,60,Sigils,4200,28 dmg,+1,
Tower Defense,Attack,damage,Damage +,27,28,60,Sigils,10000,29 dmg,+1,
Tower Defense,Attack,damage,Damage +,28,29,60,Sigils,11000,30 dmg,+1,
Tower Defense,Attack,damage,Damage +,29,30,60,Sigils,12000,31 dmg,+1,
Tower Defense,Attack,damage,Damage +,30,31,60,Sigils,13000,32 dmg,+1,
Tower Defense,Attack,damage,Damage +,31,32,60,Sigils,14000,33 dmg,+1,
Tower Defense,Attack,damage,Damage +,32,33,60,Sigils,15000,34 dmg,+1,
Tower Defense,Attack,damage,Damage +,33,34,60,Sigils,16000,35 dmg,+1,
Tower Defense,Attack,damage,Damage +,34,35,60,Sigils,17000,36 dmg,+1,
Tower Defense,Attack,damage,Damage +,35,36,60,Sigils,18000,37 dmg,+1,
Tower Defense,Attack,damage,Damage +,36,37,60,Sigils,19000,38 dmg,+1,
Tower Defense,Attack,damage,Damage +,37,38,60,Sigils,60000,39 dmg,+1,
Tower Defense,Attack,damage,Damage +,38,39,60,Sigils,70000,40 dmg,+1,
Tower Defense,Attack,damage,Damage +,39,40,60,Sigils,80000,41 dmg,+1,
Tower Defense,Attack,damage,Damage +,40,41,60,Sigils,90000,42 dmg,+1,
Tower Defense,Attack,damage,Damage +,41,42,60,Sigils,100000,43 dmg,+1,
Tower Defense,Attack,damage,Damage +,42,43,60,Sigils,110000,44 dmg,+1,
Tower Defense,Attack,damage,Damage +,43,44,60,Sigils,120000,45 dmg,+1,
Tower Defense,Attack,damage,Damage +,44,45,60,Sigils,130000,46 dmg,+1,
Tower Defense,Attack,damage,Damage +,45,46,60,Sigils,140000,47 dmg,+1,
Tower Defense,Attack,damage,Damage +,46,47,60,Sigils,150000,48 dmg,+1,
Tower Defense,Attack,damage,Damage +,47,48,60,Sigils,500000,49 dmg,+1,
Tower Defense,Attack,damage,Damage +,48,49,60,Sigils,600000,50 dmg,+1,
Tower Defense,Attack,damage,Damage +,49,50,60,Sigils,700000,51 dmg,+1,
Tower Defense,Attack,damage,Damage +,50,51,60,Sigils,800000,52 dmg,+1,
Tower Defense,Attack,damage,Damage +,51,52,60,Sigils,900000,53 dmg,+1,
Tower Defense,Attack,damage,Damage +,52,53,60,Sigils,1000000,54 dmg,+1,
Tower Defense,Attack,damage,Damage +,53,54,60,Sigils,1100000,55 dmg,+1,
Tower Defense,Attack,damage,Damage +,54,55,60,Sigils,1200000,56 dmg,+1,
Tower Defense,Attack,damage,Damage +,55,56,60,Sigils,1300000,57 dmg,+1,
Tower Defense,Attack,damage,Damage +,56,57,60,Sigils,1400000,58 dmg,+1,
Tower Defense,Attack,damage,Damage +,57,58,60,Sigils,3000000,59 dmg,+1,
Tower Defense,Attack,damage,Damage +,58,59,60,Sigils,5000000,60 dmg,+1,
Tower Defense,Attack,damage,Damage +,59,60,60,Sigils,10000000,61 dmg,+1,
Tower Defense,Attack,attackSpeed,Attack Speed,0,0,25,,0,1.5s,base,ligne ajoutee pour le niveau 0 sans achat
Tower Defense,Attack,attackSpeed,Attack Speed,0,1,25,Sigils,3,1.45s,-0.05s,
Tower Defense,Attack,attackSpeed,Attack Speed,1,2,25,Sigils,6,1.4s,-0.05s,
Tower Defense,Attack,attackSpeed,Attack Speed,2,3,25,Sigils,20,1.35s,-0.05s,
Tower Defense,Attack,attackSpeed,Attack Speed,3,4,25,Sigils,40,1.3s,-0.05s,
Tower Defense,Attack,attackSpeed,Attack Speed,4,5,25,Sigils,80,1.25s,-0.05s,
Tower Defense,Attack,attackSpeed,Attack Speed,5,6,25,Sigils,160,1.2s,-0.05s,
Tower Defense,Attack,attackSpeed,Attack Speed,6,7,25,Sigils,320,1.15s,-0.05s,
Tower Defense,Attack,attackSpeed,Attack Speed,7,8,25,Sigils,640,1.1s,-0.05s,
Tower Defense,Attack,attackSpeed,Attack Speed,8,9,25,Sigils,1280,1.05s,-0.05s,
Tower Defense,Attack,attackSpeed,Attack Speed,9,10,25,Sigils,2560,1s,-0.05s,
Tower Defense,Attack,attackSpeed,Attack Speed,10,11,25,Sigils,5120,0.95s,-0.05s,
Tower Defense,Attack,attackSpeed,Attack Speed,11,12,25,Sigils,10240,0.9s,-0.05s,
Tower Defense,Attack,attackSpeed,Attack Speed,12,13,25,Sigils,20480,0.85s,-0.05s,
Tower Defense,Attack,attackSpeed,Attack Speed,13,14,25,Sigils,40960,0.8s,-0.05s,
Tower Defense,Attack,attackSpeed,Attack Speed,14,15,25,Sigils,81920,0.75s,-0.05s,
Tower Defense,Attack,attackSpeed,Attack Speed,15,16,25,Sigils,163840,0.7s,-0.05s,
Tower Defense,Attack,attackSpeed,Attack Speed,16,17,25,Sigils,327000,0.65s,-0.05s,
Tower Defense,Attack,attackSpeed,Attack Speed,17,18,25,Sigils,655000,0.6s,-0.05s,
Tower Defense,Attack,attackSpeed,Attack Speed,18,19,25,Sigils,1310000,0.55s,-0.05s,
Tower Defense,Attack,attackSpeed,Attack Speed,19,20,25,Sigils,2620000,0.5s,-0.05s,
Tower Defense,Attack,attackSpeed,Attack Speed,20,21,25,Sigils,5240000,0.45s,-0.05s,
Tower Defense,Attack,attackSpeed,Attack Speed,21,22,25,Sigils,10000000,0.4s,-0.05s,
Tower Defense,Attack,attackSpeed,Attack Speed,22,23,25,Sigils,15000000,0.35s,-0.05s,
Tower Defense,Attack,attackSpeed,Attack Speed,23,24,25,Sigils,20000000,0.3s,-0.05s,
Tower Defense,Attack,attackSpeed,Attack Speed,24,25,25,Sigils,50000000,0.25s,-0.05s,
Tower Defense,Attack,range,Range,0,0,25,,0,30%,base,ligne ajoutee pour le niveau 0 sans achat
Tower Defense,Attack,range,Range,0,1,25,Sigils,2,32%,+2%,
Tower Defense,Attack,range,Range,1,2,25,Sigils,6,34%,+2%,
Tower Defense,Attack,range,Range,2,3,25,Sigils,18,36%,+2%,
Tower Defense,Attack,range,Range,3,4,25,Sigils,51,38%,+2%,
Tower Defense,Attack,range,Range,4,5,25,Sigils,150,40%,+2%,
Tower Defense,Attack,range,Range,5,6,25,Sigils,450,42%,+2%,
Tower Defense,Attack,range,Range,6,7,25,Sigils,1500,44%,+2%,
Tower Defense,Attack,range,Range,7,8,25,Sigils,4500,46%,+2%,
Tower Defense,Attack,range,Range,8,9,25,Sigils,15000,48%,+2%,
Tower Defense,Attack,range,Range,9,10,25,Sigils,45000,50%,+2%,
Tower Defense,Attack,range,Range,10,11,25,Sigils,150000,52%,+2%,
Tower Defense,Attack,range,Range,11,12,25,Sigils,450000,54%,+2%,
Tower Defense,Attack,range,Range,12,13,25,Sigils,1500000,56%,+2%,
Tower Defense,Attack,range,Range,13,14,25,Sigils,2000000,58%,+2%,
Tower Defense,Attack,range,Range,14,15,25,Sigils,2500000,60%,+2%,
Tower Defense,Attack,range,Range,15,16,25,Sigils,3000000,62%,+2%,
Tower Defense,Attack,range,Range,16,17,25,Sigils,3500000,64%,+2%,
Tower Defense,Attack,range,Range,17,18,25,Sigils,10000000,66%,+2%,
Tower Defense,Attack,range,Range,18,19,25,Sigils,15000000,68%,+2%,
Tower Defense,Attack,range,Range,19,20,25,Sigils,20000000,70%,+2%,
Tower Defense,Attack,range,Range,20,21,25,Sigils,25000000,72%,+2%,
Tower Defense,Attack,range,Range,21,22,25,Sigils,50000000,74%,+2%,
Tower Defense,Attack,range,Range,22,23,25,Sigils,100000000,76%,+2%,
Tower Defense,Attack,range,Range,23,24,25,Sigils,200000000,78%,+2%,
Tower Defense,Attack,range,Range,24,25,25,Sigils,500000000,80%,+2%,
Tower Defense,Attack,damageMultiplier,Damage all x,0,0,40,,0,1x,base,ligne ajoutee pour le niveau 0 sans achat
Tower Defense,Attack,damageMultiplier,Damage all x,0,1,40,Sigils,75,1.1x,+0.10x,
Tower Defense,Attack,damageMultiplier,Damage all x,1,2,40,Sigils,340,1.2x,+0.10x,
Tower Defense,Attack,damageMultiplier,Damage all x,2,3,40,Sigils,687,1.3x,+0.10x,
Tower Defense,Attack,damageMultiplier,Damage all x,3,4,40,Sigils,1730,1.4x,+0.10x,
Tower Defense,Attack,damageMultiplier,Damage all x,4,5,40,Sigils,3940,1.5x,+0.10x,
Tower Defense,Attack,damageMultiplier,Damage all x,5,6,40,Sigils,9620,1.6x,+0.10x,
Tower Defense,Attack,damageMultiplier,Damage all x,6,7,40,Sigils,15300,1.7x,+0.10x,
Tower Defense,Attack,damageMultiplier,Damage all x,7,8,40,Sigils,21000,1.8x,+0.10x,
Tower Defense,Attack,damageMultiplier,Damage all x,8,9,40,Sigils,26600,1.9x,+0.10x,
Tower Defense,Attack,damageMultiplier,Damage all x,9,10,40,Sigils,32300,2x,+0.10x,
Tower Defense,Attack,damageMultiplier,Damage all x,10,11,40,Sigils,38000,2.1x,+0.10x,
Tower Defense,Attack,damageMultiplier,Damage all x,11,12,40,Sigils,86900,2.2x,+0.10x,
Tower Defense,Attack,damageMultiplier,Damage all x,12,13,40,Sigils,138000,2.3x,+0.10x,
Tower Defense,Attack,damageMultiplier,Damage all x,13,14,40,Sigils,172000,2.4x,+0.10x,
Tower Defense,Attack,damageMultiplier,Damage all x,14,15,40,Sigils,207000,2.5x,+0.10x,
Tower Defense,Attack,damageMultiplier,Damage all x,15,16,40,Sigils,241000,2.6x,+0.10x,
Tower Defense,Attack,damageMultiplier,Damage all x,16,17,40,Sigils,275000,2.7x,+0.10x,
Tower Defense,Attack,damageMultiplier,Damage all x,17,18,40,Sigils,309000,2.8x,+0.10x,
Tower Defense,Attack,damageMultiplier,Damage all x,18,19,40,Sigils,767000,2.9x,+0.10x,
Tower Defense,Attack,damageMultiplier,Damage all x,19,20,40,Sigils,881000,3x,+0.10x,
Tower Defense,Attack,damageMultiplier,Damage all x,20,21,40,Sigils,994000,3.1x,+0.10x,
Tower Defense,Attack,damageMultiplier,Damage all x,21,22,40,Sigils,1110000,3.2x,+0.10x,
Tower Defense,Attack,damageMultiplier,Damage all x,22,23,40,Sigils,1220000,3.3x,+0.10x,
Tower Defense,Attack,damageMultiplier,Damage all x,23,24,40,Sigils,1330000,3.4x,+0.10x,
Tower Defense,Attack,damageMultiplier,Damage all x,24,25,40,Sigils,2370000,3.5x,+0.10x,
Tower Defense,Attack,damageMultiplier,Damage all x,25,26,40,Sigils,5120000,3.6x,+0.10x,
Tower Defense,Attack,damageMultiplier,Damage all x,26,27,40,Sigils,6250000,3.7x,+0.10x,
Tower Defense,Attack,damageMultiplier,Damage all x,27,28,40,Sigils,7380000,3.8x,+0.10x,
Tower Defense,Attack,damageMultiplier,Damage all x,28,29,40,Sigils,8520000,3.9x,+0.10x,
Tower Defense,Attack,damageMultiplier,Damage all x,29,30,40,Sigils,9650000,4x,+0.10x,
Tower Defense,Attack,damageMultiplier,Damage all x,30,31,40,Sigils,10800000,4.1x,+0.10x,
Tower Defense,Attack,damageMultiplier,Damage all x,31,32,40,Sigils,34800000,4.2x,+0.10x,
Tower Defense,Attack,damageMultiplier,Damage all x,32,33,40,Sigils,48100000,4.3x,+0.10x,
Tower Defense,Attack,damageMultiplier,Damage all x,33,34,40,Sigils,59400000,4.4x,+0.10x,
Tower Defense,Attack,damageMultiplier,Damage all x,34,35,40,Sigils,70800000,4.5x,+0.10x,
Tower Defense,Attack,damageMultiplier,Damage all x,35,36,40,Sigils,82100000,4.6x,+0.10x,
Tower Defense,Attack,damageMultiplier,Damage all x,36,37,40,Sigils,93500000,4.7x,+0.10x,
Tower Defense,Attack,damageMultiplier,Damage all x,37,38,40,Sigils,105000000,4.8x,+0.10x,
Tower Defense,Attack,damageMultiplier,Damage all x,38,39,40,Sigils,298000000,4.9x,+0.10x,
Tower Defense,Attack,damageMultiplier,Damage all x,39,40,40,Sigils,750000000,5x,+0.10x,
Tower Defense,Attack,criticalChance,Critical Chance,0,0,30,,0,0%,base,ligne ajoutee pour le niveau 0 sans achat
Tower Defense,Attack,criticalChance,Critical Chance,0,1,30,Sigils,26,2%,+2%,
Tower Defense,Attack,criticalChance,Critical Chance,1,2,30,Sigils,159,4%,+2%,
Tower Defense,Attack,criticalChance,Critical Chance,2,3,30,Sigils,417,6%,+2%,
Tower Defense,Attack,criticalChance,Critical Chance,3,4,30,Sigils,1430,8%,+2%,
Tower Defense,Attack,criticalChance,Critical Chance,4,5,30,Sigils,4080,10%,+2%,
Tower Defense,Attack,criticalChance,Critical Chance,5,6,30,Sigils,6720,12%,+2%,
Tower Defense,Attack,criticalChance,Critical Chance,6,7,30,Sigils,9370,14%,+2%,
Tower Defense,Attack,criticalChance,Critical Chance,7,8,30,Sigils,12000,16%,+2%,
Tower Defense,Attack,criticalChance,Critical Chance,8,9,30,Sigils,21100,18%,+2%,
Tower Defense,Attack,criticalChance,Critical Chance,9,10,30,Sigils,49200,20%,+2%,
Tower Defense,Attack,criticalChance,Critical Chance,10,11,30,Sigils,65100,22%,+2%,
Tower Defense,Attack,criticalChance,Critical Chance,11,12,30,Sigils,81000,24%,+2%,
Tower Defense,Attack,criticalChance,Critical Chance,12,13,30,Sigils,96800,26%,+2%,
Tower Defense,Attack,criticalChance,Critical Chance,13,14,30,Sigils,177000,28%,+2%,
Tower Defense,Attack,criticalChance,Critical Chance,14,15,30,Sigils,299000,30%,+2%,
Tower Defense,Attack,criticalChance,Critical Chance,15,16,30,Sigils,351000,32%,+2%,
Tower Defense,Attack,criticalChance,Critical Chance,16,17,30,Sigils,404000,34%,+2%,
Tower Defense,Attack,criticalChance,Critical Chance,17,18,30,Sigils,457000,36%,+2%,
Tower Defense,Attack,criticalChance,Critical Chance,18,19,30,Sigils,1160000,38%,+2%,
Tower Defense,Attack,criticalChance,Critical Chance,19,20,30,Sigils,1990000,40%,+2%,
Tower Defense,Attack,criticalChance,Critical Chance,20,21,30,Sigils,2520000,42%,+2%,
Tower Defense,Attack,criticalChance,Critical Chance,21,22,30,Sigils,3050000,44%,+2%,
Tower Defense,Attack,criticalChance,Critical Chance,22,23,30,Sigils,3580000,46%,+2%,
Tower Defense,Attack,criticalChance,Critical Chance,23,24,30,Sigils,11100000,48%,+2%,
Tower Defense,Attack,criticalChance,Critical Chance,24,25,30,Sigils,17800000,50%,+2%,
Tower Defense,Attack,criticalChance,Critical Chance,25,26,30,Sigils,23000000,52%,+2%,
Tower Defense,Attack,criticalChance,Critical Chance,26,27,30,Sigils,28300000,54%,+2%,
Tower Defense,Attack,criticalChance,Critical Chance,27,28,30,Sigils,33600000,56%,+2%,
Tower Defense,Attack,criticalChance,Critical Chance,28,29,30,Sigils,76600000,58%,+2%,
Tower Defense,Attack,criticalChance,Critical Chance,29,30,30,Sigils,260000000,60%,+2%,
Tower Defense,Attack,criticalMultiplier,Critical Multiplier,0,0,30,,0,2x,base,ligne ajoutee pour le niveau 0 sans achat
Tower Defense,Attack,criticalMultiplier,Critical Multiplier,0,1,30,Sigils,34,2.1x,+0.10x,
Tower Defense,Attack,criticalMultiplier,Critical Multiplier,1,2,30,Sigils,208,2.2x,+0.10x,
Tower Defense,Attack,criticalMultiplier,Critical Multiplier,2,3,30,Sigils,545,2.3x,+0.10x,
Tower Defense,Attack,criticalMultiplier,Critical Multiplier,3,4,30,Sigils,1880,2.4x,+0.10x,
Tower Defense,Attack,criticalMultiplier,Critical Multiplier,4,5,30,Sigils,5330,2.5x,+0.10x,
Tower Defense,Attack,criticalMultiplier,Critical Multiplier,5,6,30,Sigils,8790,2.6x,+0.10x,
Tower Defense,Attack,criticalMultiplier,Critical Multiplier,6,7,30,Sigils,12300,2.7x,+0.10x,
Tower Defense,Attack,criticalMultiplier,Critical Multiplier,7,8,30,Sigils,15700,2.8x,+0.10x,
Tower Defense,Attack,criticalMultiplier,Critical Multiplier,8,9,30,Sigils,27600,2.9x,+0.10x,
Tower Defense,Attack,criticalMultiplier,Critical Multiplier,9,10,30,Sigils,64400,3x,+0.10x,
Tower Defense,Attack,criticalMultiplier,Critical Multiplier,10,11,30,Sigils,85100,3.1x,+0.10x,
Tower Defense,Attack,criticalMultiplier,Critical Multiplier,11,12,30,Sigils,106000,3.2x,+0.10x,
Tower Defense,Attack,criticalMultiplier,Critical Multiplier,12,13,30,Sigils,127000,3.3x,+0.10x,
Tower Defense,Attack,criticalMultiplier,Critical Multiplier,13,14,30,Sigils,231000,3.4x,+0.10x,
Tower Defense,Attack,criticalMultiplier,Critical Multiplier,14,15,30,Sigils,390000,3.5x,+0.10x,
Tower Defense,Attack,criticalMultiplier,Critical Multiplier,15,16,30,Sigils,460000,3.6x,+0.10x,
Tower Defense,Attack,criticalMultiplier,Critical Multiplier,16,17,30,Sigils,529000,3.7x,+0.10x,
Tower Defense,Attack,criticalMultiplier,Critical Multiplier,17,18,30,Sigils,598000,3.8x,+0.10x,
Tower Defense,Attack,criticalMultiplier,Critical Multiplier,18,19,30,Sigils,1510000,3.9x,+0.10x,
Tower Defense,Attack,criticalMultiplier,Critical Multiplier,19,20,30,Sigils,2600000,4x,+0.10x,
Tower Defense,Attack,criticalMultiplier,Critical Multiplier,20,21,30,Sigils,3290000,4.1x,+0.10x,
Tower Defense,Attack,criticalMultiplier,Critical Multiplier,21,22,30,Sigils,3990000,4.2x,+0.10x,
Tower Defense,Attack,criticalMultiplier,Critical Multiplier,22,23,30,Sigils,4680000,4.3x,+0.10x,
Tower Defense,Attack,criticalMultiplier,Critical Multiplier,23,24,30,Sigils,14500000,4.4x,+0.10x,
Tower Defense,Attack,criticalMultiplier,Critical Multiplier,24,25,30,Sigils,23200000,4.5x,+0.10x,
Tower Defense,Attack,criticalMultiplier,Critical Multiplier,25,26,30,Sigils,30100000,4.6x,+0.10x,
Tower Defense,Attack,criticalMultiplier,Critical Multiplier,26,27,30,Sigils,37000000,4.7x,+0.10x,
Tower Defense,Attack,criticalMultiplier,Critical Multiplier,27,28,30,Sigils,44000000,4.8x,+0.10x,
Tower Defense,Attack,criticalMultiplier,Critical Multiplier,28,29,30,Sigils,100000000,4.9x,+0.10x,
Tower Defense,Attack,criticalMultiplier,Critical Multiplier,29,30,30,Sigils,340000000,5x,+0.10x,
Tower Defense,Attack,superCriticalChance,Super Crit Chance,0,0,25,,0,0%,base,ligne ajoutee pour le niveau 0 sans achat
Tower Defense,Attack,superCriticalChance,Super Crit Chance,0,1,25,Sigils,120,1%,+1%,
Tower Defense,Attack,superCriticalChance,Super Crit Chance,1,2,25,Sigils,240,2%,+1%,
Tower Defense,Attack,superCriticalChance,Super Crit Chance,2,3,25,Sigils,800,3%,+1%,
Tower Defense,Attack,superCriticalChance,Super Crit Chance,3,4,25,Sigils,1600,4%,+1%,
Tower Defense,Attack,superCriticalChance,Super Crit Chance,4,5,25,Sigils,3200,5%,+1%,
Tower Defense,Attack,superCriticalChance,Super Crit Chance,5,6,25,Sigils,6400,6%,+1%,
Tower Defense,Attack,superCriticalChance,Super Crit Chance,6,7,25,Sigils,12800,7%,+1%,
Tower Defense,Attack,superCriticalChance,Super Crit Chance,7,8,25,Sigils,25600,8%,+1%,
Tower Defense,Attack,superCriticalChance,Super Crit Chance,8,9,25,Sigils,51200,9%,+1%,
Tower Defense,Attack,superCriticalChance,Super Crit Chance,9,10,25,Sigils,102000,10%,+1%,
Tower Defense,Attack,superCriticalChance,Super Crit Chance,10,11,25,Sigils,205000,11%,+1%,
Tower Defense,Attack,superCriticalChance,Super Crit Chance,11,12,25,Sigils,410000,12%,+1%,
Tower Defense,Attack,superCriticalChance,Super Crit Chance,12,13,25,Sigils,819000,13%,+1%,
Tower Defense,Attack,superCriticalChance,Super Crit Chance,13,14,25,Sigils,1640000,14%,+1%,
Tower Defense,Attack,superCriticalChance,Super Crit Chance,14,15,25,Sigils,3280000,15%,+1%,
Tower Defense,Attack,superCriticalChance,Super Crit Chance,15,16,25,Sigils,6550000,16%,+1%,
Tower Defense,Attack,superCriticalChance,Super Crit Chance,16,17,25,Sigils,13100000,17%,+1%,
Tower Defense,Attack,superCriticalChance,Super Crit Chance,17,18,25,Sigils,26200000,18%,+1%,
Tower Defense,Attack,superCriticalChance,Super Crit Chance,18,19,25,Sigils,52400000,19%,+1%,
Tower Defense,Attack,superCriticalChance,Super Crit Chance,19,20,25,Sigils,105000000,20%,+1%,
Tower Defense,Attack,superCriticalChance,Super Crit Chance,20,21,25,Sigils,210000000,21%,+1%,
Tower Defense,Attack,superCriticalChance,Super Crit Chance,21,22,25,Sigils,400000000,22%,+1%,
Tower Defense,Attack,superCriticalChance,Super Crit Chance,22,23,25,Sigils,600000000,23%,+1%,
Tower Defense,Attack,superCriticalChance,Super Crit Chance,23,24,25,Sigils,800000000,24%,+1%,
Tower Defense,Attack,superCriticalChance,Super Crit Chance,24,25,25,Sigils,2000000000,25%,+1%,
Tower Defense,Attack,superCriticalMultiplier,Super Crit Multiplier,0,0,25,,0,3x,base,ligne ajoutee pour le niveau 0 sans achat
Tower Defense,Attack,superCriticalMultiplier,Super Crit Multiplier,0,1,25,Sigils,160,3.25x,+0.25x,
Tower Defense,Attack,superCriticalMultiplier,Super Crit Multiplier,1,2,25,Sigils,320,3.5x,+0.25x,
Tower Defense,Attack,superCriticalMultiplier,Super Crit Multiplier,2,3,25,Sigils,1070,3.75x,+0.25x,
Tower Defense,Attack,superCriticalMultiplier,Super Crit Multiplier,3,4,25,Sigils,2130,4x,+0.25x,
Tower Defense,Attack,superCriticalMultiplier,Super Crit Multiplier,4,5,25,Sigils,4270,4.25x,+0.25x,
Tower Defense,Attack,superCriticalMultiplier,Super Crit Multiplier,5,6,25,Sigils,8530,4.5x,+0.25x,
Tower Defense,Attack,superCriticalMultiplier,Super Crit Multiplier,6,7,25,Sigils,17100,4.75x,+0.25x,
Tower Defense,Attack,superCriticalMultiplier,Super Crit Multiplier,7,8,25,Sigils,34100,5x,+0.25x,
Tower Defense,Attack,superCriticalMultiplier,Super Crit Multiplier,8,9,25,Sigils,68300,5.25x,+0.25x,
Tower Defense,Attack,superCriticalMultiplier,Super Crit Multiplier,9,10,25,Sigils,137000,5.5x,+0.25x,
Tower Defense,Attack,superCriticalMultiplier,Super Crit Multiplier,10,11,25,Sigils,273000,5.75x,+0.25x,
Tower Defense,Attack,superCriticalMultiplier,Super Crit Multiplier,11,12,25,Sigils,546000,6x,+0.25x,
Tower Defense,Attack,superCriticalMultiplier,Super Crit Multiplier,12,13,25,Sigils,1090000,6.25x,+0.25x,
Tower Defense,Attack,superCriticalMultiplier,Super Crit Multiplier,13,14,25,Sigils,2180000,6.5x,+0.25x,
Tower Defense,Attack,superCriticalMultiplier,Super Crit Multiplier,14,15,25,Sigils,4370000,6.75x,+0.25x,
Tower Defense,Attack,superCriticalMultiplier,Super Crit Multiplier,15,16,25,Sigils,8740000,7x,+0.25x,
Tower Defense,Attack,superCriticalMultiplier,Super Crit Multiplier,16,17,25,Sigils,17400000,7.25x,+0.25x,
Tower Defense,Attack,superCriticalMultiplier,Super Crit Multiplier,17,18,25,Sigils,34900000,7.5x,+0.25x,
Tower Defense,Attack,superCriticalMultiplier,Super Crit Multiplier,18,19,25,Sigils,69900000,7.75x,+0.25x,
Tower Defense,Attack,superCriticalMultiplier,Super Crit Multiplier,19,20,25,Sigils,140000000,8x,+0.25x,
Tower Defense,Attack,superCriticalMultiplier,Super Crit Multiplier,20,21,25,Sigils,280000000,8.25x,+0.25x,
Tower Defense,Attack,superCriticalMultiplier,Super Crit Multiplier,21,22,25,Sigils,533000000,8.5x,+0.25x,
Tower Defense,Attack,superCriticalMultiplier,Super Crit Multiplier,22,23,25,Sigils,800000000,8.75x,+0.25x,
Tower Defense,Attack,superCriticalMultiplier,Super Crit Multiplier,23,24,25,Sigils,1067000000,9x,+0.25x,
Tower Defense,Attack,superCriticalMultiplier,Super Crit Multiplier,24,25,25,Sigils,2667000000,9.25x,+0.25x,
Tower Defense,Element,lightningCount,Lightning,0,0,5,,0,0 targets,base,ligne ajoutee pour le niveau 0 sans achat
Tower Defense,Element,lightningCount,Lightning,0,1,5,Sigils,90,1 targets,+1 count,
Tower Defense,Element,lightningCount,Lightning,1,2,5,Sigils,1500,2 targets,+1 count,
Tower Defense,Element,lightningCount,Lightning,2,3,5,Sigils,50000,3 targets,+1 count,
Tower Defense,Element,lightningCount,Lightning,3,4,5,Sigils,250000,4 targets,+1 count,
Tower Defense,Element,lightningCount,Lightning,4,5,5,Sigils,3000000,5 targets,+1 count,
Tower Defense,Element,iceDamage,Ice Damage,0,0,50,,0,0 dmg,base,ligne ajoutee pour le niveau 0 sans achat
Tower Defense,Element,iceDamage,Ice Damage,0,1,50,Sigils,50,3 dmg,+2,
Tower Defense,Element,iceDamage,Ice Damage,1,2,50,Sigils,181,5 dmg,+2,
Tower Defense,Element,iceDamage,Ice Damage,2,3,50,Sigils,361,7 dmg,+2,
Tower Defense,Element,iceDamage,Ice Damage,3,4,50,Sigils,634,9 dmg,+2,
Tower Defense,Element,iceDamage,Ice Damage,4,5,50,Sigils,1360,11 dmg,+2,
Tower Defense,Element,iceDamage,Ice Damage,5,6,50,Sigils,2550,13 dmg,+2,
Tower Defense,Element,iceDamage,Ice Damage,6,7,50,Sigils,5560,15 dmg,+2,
Tower Defense,Element,iceDamage,Ice Damage,7,8,50,Sigils,8570,17 dmg,+2,
Tower Defense,Element,iceDamage,Ice Damage,8,9,50,Sigils,11600,19 dmg,+2,
Tower Defense,Element,iceDamage,Ice Damage,9,10,50,Sigils,14600,21 dmg,+2,
Tower Defense,Element,iceDamage,Ice Damage,10,11,50,Sigils,17600,23 dmg,+2,
Tower Defense,Element,iceDamage,Ice Damage,11,12,50,Sigils,20600,25 dmg,+2,
Tower Defense,Element,iceDamage,Ice Damage,12,13,50,Sigils,23600,27 dmg,+2,
Tower Defense,Element,iceDamage,Ice Damage,13,14,50,Sigils,26600,29 dmg,+2,
Tower Defense,Element,iceDamage,Ice Damage,14,15,50,Sigils,68200,31 dmg,+2,
Tower Defense,Element,iceDamage,Ice Damage,15,16,50,Sigils,90900,33 dmg,+2,
Tower Defense,Element,iceDamage,Ice Damage,16,17,50,Sigils,109000,35 dmg,+2,
Tower Defense,Element,iceDamage,Ice Damage,17,18,50,Sigils,127000,37 dmg,+2,
Tower Defense,Element,iceDamage,Ice Damage,18,19,50,Sigils,145000,39 dmg,+2,
Tower Defense,Element,iceDamage,Ice Damage,19,20,50,Sigils,163000,41 dmg,+2,
Tower Defense,Element,iceDamage,Ice Damage,20,21,50,Sigils,181000,43 dmg,+2,
Tower Defense,Element,iceDamage,Ice Damage,21,22,50,Sigils,199000,45 dmg,+2,
Tower Defense,Element,iceDamage,Ice Damage,22,23,50,Sigils,352000,47 dmg,+2,
Tower Defense,Element,iceDamage,Ice Damage,23,24,50,Sigils,535000,49 dmg,+2,
Tower Defense,Element,iceDamage,Ice Damage,24,25,50,Sigils,595000,51 dmg,+2,
Tower Defense,Element,iceDamage,Ice Damage,25,26,50,Sigils,655000,53 dmg,+2,
Tower Defense,Element,iceDamage,Ice Damage,26,27,50,Sigils,715000,55 dmg,+2,
Tower Defense,Element,iceDamage,Ice Damage,27,28,50,Sigils,776000,57 dmg,+2,
Tower Defense,Element,iceDamage,Ice Damage,28,29,50,Sigils,836000,59 dmg,+2,
Tower Defense,Element,iceDamage,Ice Damage,29,30,50,Sigils,896000,61 dmg,+2,
Tower Defense,Element,iceDamage,Ice Damage,30,31,50,Sigils,1200000,63 dmg,+2,
Tower Defense,Element,iceDamage,Ice Damage,31,32,50,Sigils,3160000,65 dmg,+2,
Tower Defense,Element,iceDamage,Ice Damage,32,33,50,Sigils,3770000,67 dmg,+2,
Tower Defense,Element,iceDamage,Ice Damage,33,34,50,Sigils,4370000,69 dmg,+2,
Tower Defense,Element,iceDamage,Ice Damage,34,35,50,Sigils,4970000,71 dmg,+2,
Tower Defense,Element,iceDamage,Ice Damage,35,36,50,Sigils,5570000,73 dmg,+2,
Tower Defense,Element,iceDamage,Ice Damage,36,37,50,Sigils,6170000,75 dmg,+2,
Tower Defense,Element,iceDamage,Ice Damage,37,38,50,Sigils,6780000,77 dmg,+2,
Tower Defense,Element,iceDamage,Ice Damage,38,39,50,Sigils,7380000,79 dmg,+2,
Tower Defense,Element,iceDamage,Ice Damage,39,40,50,Sigils,24300000,81 dmg,+2,
Tower Defense,Element,iceDamage,Ice Damage,40,41,50,Sigils,30800000,83 dmg,+2,
Tower Defense,Element,iceDamage,Ice Damage,41,42,50,Sigils,36800000,85 dmg,+2,
Tower Defense,Element,iceDamage,Ice Damage,42,43,50,Sigils,42900000,87 dmg,+2,
Tower Defense,Element,iceDamage,Ice Damage,43,44,50,Sigils,48900000,89 dmg,+2,
Tower Defense,Element,iceDamage,Ice Damage,44,45,50,Sigils,54900000,91 dmg,+2,
Tower Defense,Element,iceDamage,Ice Damage,45,46,50,Sigils,60900000,93 dmg,+2,
Tower Defense,Element,iceDamage,Ice Damage,46,47,50,Sigils,66900000,95 dmg,+2,
Tower Defense,Element,iceDamage,Ice Damage,47,48,50,Sigils,117000000,97 dmg,+2,
Tower Defense,Element,iceDamage,Ice Damage,48,49,50,Sigils,230000000,99 dmg,+2,
Tower Defense,Element,iceDamage,Ice Damage,49,50,50,Sigils,500000000,101 dmg,+2,
Tower Defense,Element,lightningDamage,Lightning DMG,0,0,50,,0,10.5 dmg,base,locked until Lightning >= 1; ligne ajoutee pour le niveau 0 sans achat
Tower Defense,Element,lightningDamage,Lightning DMG,0,1,50,Sigils,40,15 dmg,+5,locked until Lightning >= 1
Tower Defense,Element,lightningDamage,Lightning DMG,1,2,50,Sigils,144,20 dmg,+5,locked until Lightning >= 1
Tower Defense,Element,lightningDamage,Lightning DMG,2,3,50,Sigils,289,25 dmg,+5,locked until Lightning >= 1
Tower Defense,Element,lightningDamage,Lightning DMG,3,4,50,Sigils,507,30 dmg,+5,locked until Lightning >= 1
Tower Defense,Element,lightningDamage,Lightning DMG,4,5,50,Sigils,1090,35 dmg,+5,locked until Lightning >= 1
Tower Defense,Element,lightningDamage,Lightning DMG,5,6,50,Sigils,2040,40 dmg,+5,locked until Lightning >= 1
Tower Defense,Element,lightningDamage,Lightning DMG,6,7,50,Sigils,4450,45 dmg,+5,locked until Lightning >= 1
Tower Defense,Element,lightningDamage,Lightning DMG,7,8,50,Sigils,6860,50 dmg,+5,locked until Lightning >= 1
Tower Defense,Element,lightningDamage,Lightning DMG,8,9,50,Sigils,9270,55 dmg,+5,locked until Lightning >= 1
Tower Defense,Element,lightningDamage,Lightning DMG,9,10,50,Sigils,11700,60 dmg,+5,locked until Lightning >= 1
Tower Defense,Element,lightningDamage,Lightning DMG,10,11,50,Sigils,14100,65 dmg,+5,locked until Lightning >= 1
Tower Defense,Element,lightningDamage,Lightning DMG,11,12,50,Sigils,16500,70 dmg,+5,locked until Lightning >= 1
Tower Defense,Element,lightningDamage,Lightning DMG,12,13,50,Sigils,18900,75 dmg,+5,locked until Lightning >= 1
Tower Defense,Element,lightningDamage,Lightning DMG,13,14,50,Sigils,21300,80 dmg,+5,locked until Lightning >= 1
Tower Defense,Element,lightningDamage,Lightning DMG,14,15,50,Sigils,54600,85 dmg,+5,locked until Lightning >= 1
Tower Defense,Element,lightningDamage,Lightning DMG,15,16,50,Sigils,72700,90 dmg,+5,locked until Lightning >= 1
Tower Defense,Element,lightningDamage,Lightning DMG,16,17,50,Sigils,87200,95 dmg,+5,locked until Lightning >= 1
Tower Defense,Element,lightningDamage,Lightning DMG,17,18,50,Sigils,102000,100 dmg,+5,locked until Lightning >= 1
Tower Defense,Element,lightningDamage,Lightning DMG,18,19,50,Sigils,116000,105 dmg,+5,locked until Lightning >= 1
Tower Defense,Element,lightningDamage,Lightning DMG,19,20,50,Sigils,131000,110 dmg,+5,locked until Lightning >= 1
Tower Defense,Element,lightningDamage,Lightning DMG,20,21,50,Sigils,145000,115 dmg,+5,locked until Lightning >= 1
Tower Defense,Element,lightningDamage,Lightning DMG,21,22,50,Sigils,159000,120 dmg,+5,locked until Lightning >= 1
Tower Defense,Element,lightningDamage,Lightning DMG,22,23,50,Sigils,282000,125 dmg,+5,locked until Lightning >= 1
Tower Defense,Element,lightningDamage,Lightning DMG,23,24,50,Sigils,428000,130 dmg,+5,locked until Lightning >= 1
Tower Defense,Element,lightningDamage,Lightning DMG,24,25,50,Sigils,476000,135 dmg,+5,locked until Lightning >= 1
Tower Defense,Element,lightningDamage,Lightning DMG,25,26,50,Sigils,524000,140 dmg,+5,locked until Lightning >= 1
Tower Defense,Element,lightningDamage,Lightning DMG,26,27,50,Sigils,572000,145 dmg,+5,locked until Lightning >= 1
Tower Defense,Element,lightningDamage,Lightning DMG,27,28,50,Sigils,620000,150 dmg,+5,locked until Lightning >= 1
Tower Defense,Element,lightningDamage,Lightning DMG,28,29,50,Sigils,669000,155 dmg,+5,locked until Lightning >= 1
Tower Defense,Element,lightningDamage,Lightning DMG,29,30,50,Sigils,717000,160 dmg,+5,locked until Lightning >= 1
Tower Defense,Element,lightningDamage,Lightning DMG,30,31,50,Sigils,961000,165 dmg,+5,locked until Lightning >= 1
Tower Defense,Element,lightningDamage,Lightning DMG,31,32,50,Sigils,2530000,170 dmg,+5,locked until Lightning >= 1
Tower Defense,Element,lightningDamage,Lightning DMG,32,33,50,Sigils,3010000,175 dmg,+5,locked until Lightning >= 1
Tower Defense,Element,lightningDamage,Lightning DMG,33,34,50,Sigils,3490000,180 dmg,+5,locked until Lightning >= 1
Tower Defense,Element,lightningDamage,Lightning DMG,34,35,50,Sigils,3980000,185 dmg,+5,locked until Lightning >= 1
Tower Defense,Element,lightningDamage,Lightning DMG,35,36,50,Sigils,4460000,190 dmg,+5,locked until Lightning >= 1
Tower Defense,Element,lightningDamage,Lightning DMG,36,37,50,Sigils,4940000,195 dmg,+5,locked until Lightning >= 1
Tower Defense,Element,lightningDamage,Lightning DMG,37,38,50,Sigils,5420000,200 dmg,+5,locked until Lightning >= 1
Tower Defense,Element,lightningDamage,Lightning DMG,38,39,50,Sigils,5900000,205 dmg,+5,locked until Lightning >= 1
Tower Defense,Element,lightningDamage,Lightning DMG,39,40,50,Sigils,19400000,210 dmg,+5,locked until Lightning >= 1
Tower Defense,Element,lightningDamage,Lightning DMG,40,41,50,Sigils,24700000,215 dmg,+5,locked until Lightning >= 1
Tower Defense,Element,lightningDamage,Lightning DMG,41,42,50,Sigils,29500000,220 dmg,+5,locked until Lightning >= 1
Tower Defense,Element,lightningDamage,Lightning DMG,42,43,50,Sigils,34300000,225 dmg,+5,locked until Lightning >= 1
Tower Defense,Element,lightningDamage,Lightning DMG,43,44,50,Sigils,39100000,230 dmg,+5,locked until Lightning >= 1
Tower Defense,Element,lightningDamage,Lightning DMG,44,45,50,Sigils,43900000,235 dmg,+5,locked until Lightning >= 1
Tower Defense,Element,lightningDamage,Lightning DMG,45,46,50,Sigils,48700000,240 dmg,+5,locked until Lightning >= 1
Tower Defense,Element,lightningDamage,Lightning DMG,46,47,50,Sigils,53600000,245 dmg,+5,locked until Lightning >= 1
Tower Defense,Element,lightningDamage,Lightning DMG,47,48,50,Sigils,93900000,250 dmg,+5,locked until Lightning >= 1
Tower Defense,Element,lightningDamage,Lightning DMG,48,49,50,Sigils,184000000,255 dmg,+5,locked until Lightning >= 1
Tower Defense,Element,lightningDamage,Lightning DMG,49,50,50,Sigils,400000000,260 dmg,+5,locked until Lightning >= 1
Tower Defense,Element,iceSpeed,Ice Speed,0,0,30,,0,2s,base,locked until Ice Damage >= 1; ligne ajoutee pour le niveau 0 sans achat
Tower Defense,Element,iceSpeed,Ice Speed,0,1,30,Sigils,45,1.95s,-0.05s,locked until Ice Damage >= 1
Tower Defense,Element,iceSpeed,Ice Speed,1,2,30,Sigils,82,1.9s,-0.05s,locked until Ice Damage >= 1
Tower Defense,Element,iceSpeed,Ice Speed,2,3,30,Sigils,228,1.85s,-0.05s,locked until Ice Damage >= 1
Tower Defense,Element,iceSpeed,Ice Speed,3,4,30,Sigils,445,1.8s,-0.05s,locked until Ice Damage >= 1
Tower Defense,Element,iceSpeed,Ice Speed,4,5,30,Sigils,786,1.75s,-0.05s,locked until Ice Damage >= 1
Tower Defense,Element,iceSpeed,Ice Speed,5,6,30,Sigils,1370,1.7s,-0.05s,locked until Ice Damage >= 1
Tower Defense,Element,iceSpeed,Ice Speed,6,7,30,Sigils,2360,1.65s,-0.05s,locked until Ice Damage >= 1
Tower Defense,Element,iceSpeed,Ice Speed,7,8,30,Sigils,4300,1.6s,-0.05s,locked until Ice Damage >= 1
Tower Defense,Element,iceSpeed,Ice Speed,8,9,30,Sigils,7780,1.55s,-0.05s,locked until Ice Damage >= 1
Tower Defense,Element,iceSpeed,Ice Speed,9,10,30,Sigils,13900,1.5s,-0.05s,locked until Ice Damage >= 1
Tower Defense,Element,iceSpeed,Ice Speed,10,11,30,Sigils,24500,1.45s,-0.05s,locked until Ice Damage >= 1
Tower Defense,Element,iceSpeed,Ice Speed,11,12,30,Sigils,42400,1.4s,-0.05s,locked until Ice Damage >= 1
Tower Defense,Element,iceSpeed,Ice Speed,12,13,30,Sigils,74200,1.35s,-0.05s,locked until Ice Damage >= 1
Tower Defense,Element,iceSpeed,Ice Speed,13,14,30,Sigils,135000,1.3s,-0.05s,locked until Ice Damage >= 1
Tower Defense,Element,iceSpeed,Ice Speed,14,15,30,Sigils,244000,1.25s,-0.05s,locked until Ice Damage >= 1
Tower Defense,Element,iceSpeed,Ice Speed,15,16,30,Sigils,434000,1.2s,-0.05s,locked until Ice Damage >= 1
Tower Defense,Element,iceSpeed,Ice Speed,16,17,30,Sigils,763000,1.15s,-0.05s,locked until Ice Damage >= 1
Tower Defense,Element,iceSpeed,Ice Speed,17,18,30,Sigils,1310000,1.1s,-0.05s,locked until Ice Damage >= 1
Tower Defense,Element,iceSpeed,Ice Speed,18,19,30,Sigils,2330000,1.05s,-0.05s,locked until Ice Damage >= 1
Tower Defense,Element,iceSpeed,Ice Speed,19,20,30,Sigils,4230000,1s,-0.05s,locked until Ice Damage >= 1
Tower Defense,Element,iceSpeed,Ice Speed,20,21,30,Sigils,7620000,0.95s,-0.05s,locked until Ice Damage >= 1
Tower Defense,Element,iceSpeed,Ice Speed,21,22,30,Sigils,13600000,0.9s,-0.05s,locked until Ice Damage >= 1
Tower Defense,Element,iceSpeed,Ice Speed,22,23,30,Sigils,23700000,0.85s,-0.05s,locked until Ice Damage >= 1
Tower Defense,Element,iceSpeed,Ice Speed,23,24,30,Sigils,40700000,0.8s,-0.05s,locked until Ice Damage >= 1
Tower Defense,Element,iceSpeed,Ice Speed,24,25,30,Sigils,73200000,0.75s,-0.05s,locked until Ice Damage >= 1
Tower Defense,Element,iceSpeed,Ice Speed,25,26,30,Sigils,128000000,0.7s,-0.05s,locked until Ice Damage >= 1
Tower Defense,Element,iceSpeed,Ice Speed,26,27,30,Sigils,189000000,0.65s,-0.05s,locked until Ice Damage >= 1
Tower Defense,Element,iceSpeed,Ice Speed,27,28,30,Sigils,251000000,0.6s,-0.05s,locked until Ice Damage >= 1
Tower Defense,Element,iceSpeed,Ice Speed,28,29,30,Sigils,378000000,0.55s,-0.05s,locked until Ice Damage >= 1
Tower Defense,Element,iceSpeed,Ice Speed,29,30,30,Sigils,750000000,0.5s,-0.05s,locked until Ice Damage >= 1
Tower Defense,Element,lightningSpeed,Lightning Speed,0,0,24,,0,2.6s,base,locked until Lightning >= 1; ligne ajoutee pour le niveau 0 sans achat
Tower Defense,Element,lightningSpeed,Lightning Speed,0,1,24,Sigils,30,2.52s,-0.08s,locked until Lightning >= 1
Tower Defense,Element,lightningSpeed,Lightning Speed,1,2,24,Sigils,66,2.44s,-0.08s,locked until Lightning >= 1
Tower Defense,Element,lightningSpeed,Lightning Speed,2,3,24,Sigils,217,2.36s,-0.08s,locked until Lightning >= 1
Tower Defense,Element,lightningSpeed,Lightning Speed,3,4,24,Sigils,452,2.28s,-0.08s,locked until Lightning >= 1
Tower Defense,Element,lightningSpeed,Lightning Speed,4,5,24,Sigils,939,2.2s,-0.08s,locked until Lightning >= 1
Tower Defense,Element,lightningSpeed,Lightning Speed,5,6,24,Sigils,1950,2.12s,-0.08s,locked until Lightning >= 1
Tower Defense,Element,lightningSpeed,Lightning Speed,6,7,24,Sigils,4030,2.04s,-0.08s,locked until Lightning >= 1
Tower Defense,Element,lightningSpeed,Lightning Speed,7,8,24,Sigils,8350,1.96s,-0.08s,locked until Lightning >= 1
Tower Defense,Element,lightningSpeed,Lightning Speed,8,9,24,Sigils,17300,1.88s,-0.08s,locked until Lightning >= 1
Tower Defense,Element,lightningSpeed,Lightning Speed,9,10,24,Sigils,35600,1.8s,-0.08s,locked until Lightning >= 1
Tower Defense,Element,lightningSpeed,Lightning Speed,10,11,24,Sigils,73500,1.72s,-0.08s,locked until Lightning >= 1
Tower Defense,Element,lightningSpeed,Lightning Speed,11,12,24,Sigils,151000,1.64s,-0.08s,locked until Lightning >= 1
Tower Defense,Element,lightningSpeed,Lightning Speed,12,13,24,Sigils,312000,1.56s,-0.08s,locked until Lightning >= 1
Tower Defense,Element,lightningSpeed,Lightning Speed,13,14,24,Sigils,641000,1.48s,-0.08s,locked until Lightning >= 1
Tower Defense,Element,lightningSpeed,Lightning Speed,14,15,24,Sigils,1320000,1.4s,-0.08s,locked until Lightning >= 1
Tower Defense,Element,lightningSpeed,Lightning Speed,15,16,24,Sigils,2700000,1.32s,-0.08s,locked until Lightning >= 1
Tower Defense,Element,lightningSpeed,Lightning Speed,16,17,24,Sigils,5550000,1.24s,-0.08s,locked until Lightning >= 1
Tower Defense,Element,lightningSpeed,Lightning Speed,17,18,24,Sigils,11400000,1.16s,-0.08s,locked until Lightning >= 1
Tower Defense,Element,lightningSpeed,Lightning Speed,18,19,24,Sigils,23400000,1.08s,-0.08s,locked until Lightning >= 1
Tower Defense,Element,lightningSpeed,Lightning Speed,19,20,24,Sigils,47800000,1s,-0.08s,locked until Lightning >= 1
Tower Defense,Element,lightningSpeed,Lightning Speed,20,21,24,Sigils,93800000,0.92s,-0.08s,locked until Lightning >= 1
Tower Defense,Element,lightningSpeed,Lightning Speed,21,22,24,Sigils,146000000,0.84s,-0.08s,locked until Lightning >= 1
Tower Defense,Element,lightningSpeed,Lightning Speed,22,23,24,Sigils,198000000,0.76s,-0.08s,locked until Lightning >= 1
Tower Defense,Element,lightningSpeed,Lightning Speed,23,24,24,Sigils,500000000,0.68s,-0.08s,locked until Lightning >= 1
Tower Defense,Element,iceRange,Ice Range,0,0,21,,0,0%,base,locked until Ice Damage >= 1; ligne ajoutee pour le niveau 0 sans achat
Tower Defense,Element,iceRange,Ice Range,0,1,21,Sigils,60,35%,+2%,locked until Ice Damage >= 1
Tower Defense,Element,iceRange,Ice Range,1,2,21,Sigils,120,37%,+2%,locked until Ice Damage >= 1
Tower Defense,Element,iceRange,Ice Range,2,3,21,Sigils,250,39%,+2%,locked until Ice Damage >= 1
Tower Defense,Element,iceRange,Ice Range,3,4,21,Sigils,500,41%,+2%,locked until Ice Damage >= 1
Tower Defense,Element,iceRange,Ice Range,4,5,21,Sigils,1000,43%,+2%,locked until Ice Damage >= 1
Tower Defense,Element,iceRange,Ice Range,5,6,21,Sigils,2500,45%,+2%,locked until Ice Damage >= 1
Tower Defense,Element,iceRange,Ice Range,6,7,21,Sigils,5000,47%,+2%,locked until Ice Damage >= 1
Tower Defense,Element,iceRange,Ice Range,7,8,21,Sigils,10000,49%,+2%,locked until Ice Damage >= 1
Tower Defense,Element,iceRange,Ice Range,8,9,21,Sigils,25000,51%,+2%,locked until Ice Damage >= 1
Tower Defense,Element,iceRange,Ice Range,9,10,21,Sigils,50000,53%,+2%,locked until Ice Damage >= 1
Tower Defense,Element,iceRange,Ice Range,10,11,21,Sigils,100000,55%,+2%,locked until Ice Damage >= 1
Tower Defense,Element,iceRange,Ice Range,11,12,21,Sigils,250000,57%,+2%,locked until Ice Damage >= 1
Tower Defense,Element,iceRange,Ice Range,12,13,21,Sigils,500000,59%,+2%,locked until Ice Damage >= 1
Tower Defense,Element,iceRange,Ice Range,13,14,21,Sigils,1000000,61%,+2%,locked until Ice Damage >= 1
Tower Defense,Element,iceRange,Ice Range,14,15,21,Sigils,2500000,63%,+2%,locked until Ice Damage >= 1
Tower Defense,Element,iceRange,Ice Range,15,16,21,Sigils,5000000,65%,+2%,locked until Ice Damage >= 1
Tower Defense,Element,iceRange,Ice Range,16,17,21,Sigils,10000000,67%,+2%,locked until Ice Damage >= 1
Tower Defense,Element,iceRange,Ice Range,17,18,21,Sigils,25000000,69%,+2%,locked until Ice Damage >= 1
Tower Defense,Element,iceRange,Ice Range,18,19,21,Sigils,50000000,71%,+2%,locked until Ice Damage >= 1
Tower Defense,Element,iceRange,Ice Range,19,20,21,Sigils,100000000,73%,+2%,locked until Ice Damage >= 1
Tower Defense,Element,iceRange,Ice Range,20,21,21,Sigils,250000000,75%,+2%,locked until Ice Damage >= 1
Tower Defense,Element,iceSlow,Ice Slow,0,0,20,,0,0%,base,locked until Ice Damage >= 1; ligne ajoutee pour le niveau 0 sans achat
Tower Defense,Element,iceSlow,Ice Slow,0,1,20,Sigils,55,32%,+2%,locked until Ice Damage >= 1
Tower Defense,Element,iceSlow,Ice Slow,1,2,20,Sigils,110,34%,+2%,locked until Ice Damage >= 1
Tower Defense,Element,iceSlow,Ice Slow,2,3,20,Sigils,220,36%,+2%,locked until Ice Damage >= 1
Tower Defense,Element,iceSlow,Ice Slow,3,4,20,Sigils,450,38%,+2%,locked until Ice Damage >= 1
Tower Defense,Element,iceSlow,Ice Slow,4,5,20,Sigils,900,40%,+2%,locked until Ice Damage >= 1
Tower Defense,Element,iceSlow,Ice Slow,5,6,20,Sigils,1800,42%,+2%,locked until Ice Damage >= 1
Tower Defense,Element,iceSlow,Ice Slow,6,7,20,Sigils,3500,44%,+2%,locked until Ice Damage >= 1
Tower Defense,Element,iceSlow,Ice Slow,7,8,20,Sigils,7000,46%,+2%,locked until Ice Damage >= 1
Tower Defense,Element,iceSlow,Ice Slow,8,9,20,Sigils,14000,48%,+2%,locked until Ice Damage >= 1
Tower Defense,Element,iceSlow,Ice Slow,9,10,20,Sigils,28000,50%,+2%,locked until Ice Damage >= 1
Tower Defense,Element,iceSlow,Ice Slow,10,11,20,Sigils,56000,52%,+2%,locked until Ice Damage >= 1
Tower Defense,Element,iceSlow,Ice Slow,11,12,20,Sigils,110000,54%,+2%,locked until Ice Damage >= 1
Tower Defense,Element,iceSlow,Ice Slow,12,13,20,Sigils,220000,56%,+2%,locked until Ice Damage >= 1
Tower Defense,Element,iceSlow,Ice Slow,13,14,20,Sigils,450000,58%,+2%,locked until Ice Damage >= 1
Tower Defense,Element,iceSlow,Ice Slow,14,15,20,Sigils,900000,60%,+2%,locked until Ice Damage >= 1
Tower Defense,Element,iceSlow,Ice Slow,15,16,20,Sigils,1800000,62%,+2%,locked until Ice Damage >= 1
Tower Defense,Element,iceSlow,Ice Slow,16,17,20,Sigils,3500000,64%,+2%,locked until Ice Damage >= 1
Tower Defense,Element,iceSlow,Ice Slow,17,18,20,Sigils,7000000,66%,+2%,locked until Ice Damage >= 1
Tower Defense,Element,iceSlow,Ice Slow,18,19,20,Sigils,14000000,68%,+2%,locked until Ice Damage >= 1
Tower Defense,Element,iceSlow,Ice Slow,19,20,20,Sigils,30000000,70%,+2%,locked until Ice Damage >= 1
Tower Defense,Other,health,Health +,0,0,30,,0,3 hp max,base,ligne ajoutee pour le niveau 0 sans achat
Tower Defense,Other,health,Health +,0,1,30,Sigils,8,5 hp max,+2 hp,
Tower Defense,Other,health,Health +,1,2,30,Sigils,49,7 hp max,+2 hp,
Tower Defense,Other,health,Health +,2,3,30,Sigils,128,9 hp max,+2 hp,
Tower Defense,Other,health,Health +,3,4,30,Sigils,441,11 hp max,+2 hp,
Tower Defense,Other,health,Health +,4,5,30,Sigils,1260,13 hp max,+2 hp,
Tower Defense,Other,health,Health +,5,6,30,Sigils,2070,15 hp max,+2 hp,
Tower Defense,Other,health,Health +,6,7,30,Sigils,2880,17 hp max,+2 hp,
Tower Defense,Other,health,Health +,7,8,30,Sigils,3700,19 hp max,+2 hp,
Tower Defense,Other,health,Health +,8,9,30,Sigils,6500,21 hp max,+2 hp,
Tower Defense,Other,health,Health +,9,10,30,Sigils,15100,23 hp max,+2 hp,
Tower Defense,Other,health,Health +,10,11,30,Sigils,20000,25 hp max,+2 hp,
Tower Defense,Other,health,Health +,11,12,30,Sigils,24900,27 hp max,+2 hp,
Tower Defense,Other,health,Health +,12,13,30,Sigils,29800,29 hp max,+2 hp,
Tower Defense,Other,health,Health +,13,14,30,Sigils,54400,31 hp max,+2 hp,
Tower Defense,Other,health,Health +,14,15,30,Sigils,91900,33 hp max,+2 hp,
Tower Defense,Other,health,Health +,15,16,30,Sigils,108000,35 hp max,+2 hp,
Tower Defense,Other,health,Health +,16,17,30,Sigils,124000,37 hp max,+2 hp,
Tower Defense,Other,health,Health +,17,18,30,Sigils,141000,39 hp max,+2 hp,
Tower Defense,Other,health,Health +,18,19,30,Sigils,356000,41 hp max,+2 hp,
Tower Defense,Other,health,Health +,19,20,30,Sigils,612000,43 hp max,+2 hp,
Tower Defense,Other,health,Health +,20,21,30,Sigils,775000,45 hp max,+2 hp,
Tower Defense,Other,health,Health +,21,22,30,Sigils,938000,47 hp max,+2 hp,
Tower Defense,Other,health,Health +,22,23,30,Sigils,1100000,49 hp max,+2 hp,
Tower Defense,Other,health,Health +,23,24,30,Sigils,3420000,51 hp max,+2 hp,
Tower Defense,Other,health,Health +,24,25,30,Sigils,5460000,53 hp max,+2 hp,
Tower Defense,Other,health,Health +,25,26,30,Sigils,7090000,55 hp max,+2 hp,
Tower Defense,Other,health,Health +,26,27,30,Sigils,8720000,57 hp max,+2 hp,
Tower Defense,Other,health,Health +,27,28,30,Sigils,10300000,59 hp max,+2 hp,
Tower Defense,Other,health,Health +,28,29,30,Sigils,23600000,61 hp max,+2 hp,
Tower Defense,Other,health,Health +,29,30,30,Sigils,80000000,63 hp max,+2 hp,
Tower Defense,Other,healthRegen,Health Regen,0,0,30,,0,0/s,base,ligne ajoutee pour le niveau 0 sans achat
Tower Defense,Other,healthRegen,Health Regen,0,1,30,Sigils,14,0.02/s,+0.02/s,
Tower Defense,Other,healthRegen,Health Regen,1,2,30,Sigils,85,0.04/s,+0.02/s,
Tower Defense,Other,healthRegen,Health Regen,2,3,30,Sigils,224,0.06/s,+0.02/s,
Tower Defense,Other,healthRegen,Health Regen,3,4,30,Sigils,772,0.08/s,+0.02/s,
Tower Defense,Other,healthRegen,Health Regen,4,5,30,Sigils,2200,0.1/s,+0.02/s,
Tower Defense,Other,healthRegen,Health Regen,5,6,30,Sigils,3620,0.12/s,+0.02/s,
Tower Defense,Other,healthRegen,Health Regen,6,7,30,Sigils,5040,0.14/s,+0.02/s,
Tower Defense,Other,healthRegen,Health Regen,7,8,30,Sigils,6470,0.16/s,+0.02/s,
Tower Defense,Other,healthRegen,Health Regen,8,9,30,Sigils,11400,0.18/s,+0.02/s,
Tower Defense,Other,healthRegen,Health Regen,9,10,30,Sigils,26500,0.2/s,+0.02/s,
Tower Defense,Other,healthRegen,Health Regen,10,11,30,Sigils,35000,0.22/s,+0.02/s,
Tower Defense,Other,healthRegen,Health Regen,11,12,30,Sigils,43600,0.24/s,+0.02/s,
Tower Defense,Other,healthRegen,Health Regen,12,13,30,Sigils,52100,0.26/s,+0.02/s,
Tower Defense,Other,healthRegen,Health Regen,13,14,30,Sigils,95200,0.28/s,+0.02/s,
Tower Defense,Other,healthRegen,Health Regen,14,15,30,Sigils,161000,0.3/s,+0.02/s,
Tower Defense,Other,healthRegen,Health Regen,15,16,30,Sigils,189000,0.32/s,+0.02/s,
Tower Defense,Other,healthRegen,Health Regen,16,17,30,Sigils,218000,0.34/s,+0.02/s,
Tower Defense,Other,healthRegen,Health Regen,17,18,30,Sigils,246000,0.36/s,+0.02/s,
Tower Defense,Other,healthRegen,Health Regen,18,19,30,Sigils,622000,0.38/s,+0.02/s,
Tower Defense,Other,healthRegen,Health Regen,19,20,30,Sigils,1070000,0.4/s,+0.02/s,
Tower Defense,Other,healthRegen,Health Regen,20,21,30,Sigils,1360000,0.42/s,+0.02/s,
Tower Defense,Other,healthRegen,Health Regen,21,22,30,Sigils,1640000,0.44/s,+0.02/s,
Tower Defense,Other,healthRegen,Health Regen,22,23,30,Sigils,1930000,0.46/s,+0.02/s,
Tower Defense,Other,healthRegen,Health Regen,23,24,30,Sigils,5990000,0.48/s,+0.02/s,
Tower Defense,Other,healthRegen,Health Regen,24,25,30,Sigils,9560000,0.5/s,+0.02/s,
Tower Defense,Other,healthRegen,Health Regen,25,26,30,Sigils,12400000,0.52/s,+0.02/s,
Tower Defense,Other,healthRegen,Health Regen,26,27,30,Sigils,15300000,0.54/s,+0.02/s,
Tower Defense,Other,healthRegen,Health Regen,27,28,30,Sigils,18100000,0.56/s,+0.02/s,
Tower Defense,Other,healthRegen,Health Regen,28,29,30,Sigils,41200000,0.58/s,+0.02/s,
Tower Defense,Other,healthRegen,Health Regen,29,30,30,Sigils,140000000,0.6/s,+0.02/s,
Tower Defense,Other,moneyPerEnemy,Gold +,0,0,40,,0,0,base,ligne ajoutee pour le niveau 0 sans achat
Tower Defense,Other,moneyPerEnemy,Gold +,0,1,40,Sigils,10,1,+1,
Tower Defense,Other,moneyPerEnemy,Gold +,1,2,40,Sigils,30,2,+1,
Tower Defense,Other,moneyPerEnemy,Gold +,2,3,40,Sigils,80,3,+1,
Tower Defense,Other,moneyPerEnemy,Gold +,3,4,40,Sigils,200,4,+1,
Tower Defense,Other,moneyPerEnemy,Gold +,4,5,40,Sigils,500,5,+1,
Tower Defense,Other,moneyPerEnemy,Gold +,5,6,40,Sigils,1500,6,+1,
Tower Defense,Other,moneyPerEnemy,Gold +,6,7,40,Sigils,3000,7,+1,
Tower Defense,Other,moneyPerEnemy,Gold +,7,8,40,Sigils,6000,8,+1,
Tower Defense,Other,moneyPerEnemy,Gold +,8,9,40,Sigils,10000,9,+1,
Tower Defense,Other,moneyPerEnemy,Gold +,9,10,40,Sigils,30000,10,+1,
Tower Defense,Other,moneyPerEnemy,Gold +,10,11,40,Sigils,60000,11,+1,
Tower Defense,Other,moneyPerEnemy,Gold +,11,12,40,Sigils,100000,12,+1,
Tower Defense,Other,moneyPerEnemy,Gold +,12,13,40,Sigils,150000,13,+1,
Tower Defense,Other,moneyPerEnemy,Gold +,13,14,40,Sigils,220000,14,+1,
Tower Defense,Other,moneyPerEnemy,Gold +,14,15,40,Sigils,300000,15,+1,
Tower Defense,Other,moneyPerEnemy,Gold +,15,16,40,Sigils,400000,16,+1,
Tower Defense,Other,moneyPerEnemy,Gold +,16,17,40,Sigils,550000,17,+1,
Tower Defense,Other,moneyPerEnemy,Gold +,17,18,40,Sigils,750000,18,+1,
Tower Defense,Other,moneyPerEnemy,Gold +,18,19,40,Sigils,1000000,19,+1,
Tower Defense,Other,moneyPerEnemy,Gold +,19,20,40,Sigils,1300000,20,+1,
Tower Defense,Other,moneyPerEnemy,Gold +,20,21,40,Sigils,1700000,21,+1,
Tower Defense,Other,moneyPerEnemy,Gold +,21,22,40,Sigils,2200000,22,+1,
Tower Defense,Other,moneyPerEnemy,Gold +,22,23,40,Sigils,2800000,23,+1,
Tower Defense,Other,moneyPerEnemy,Gold +,23,24,40,Sigils,3500000,24,+1,
Tower Defense,Other,moneyPerEnemy,Gold +,24,25,40,Sigils,4500000,25,+1,
Tower Defense,Other,moneyPerEnemy,Gold +,25,26,40,Sigils,6000000,26,+1,
Tower Defense,Other,moneyPerEnemy,Gold +,26,27,40,Sigils,8000000,27,+1,
Tower Defense,Other,moneyPerEnemy,Gold +,27,28,40,Sigils,10000000,28,+1,
Tower Defense,Other,moneyPerEnemy,Gold +,28,29,40,Sigils,13000000,29,+1,
Tower Defense,Other,moneyPerEnemy,Gold +,29,30,40,Sigils,17000000,30,+1,
Tower Defense,Other,moneyPerEnemy,Gold +,30,31,40,Sigils,22000000,31,+1,
Tower Defense,Other,moneyPerEnemy,Gold +,31,32,40,Sigils,28000000,32,+1,
Tower Defense,Other,moneyPerEnemy,Gold +,32,33,40,Sigils,36000000,33,+1,
Tower Defense,Other,moneyPerEnemy,Gold +,33,34,40,Sigils,46000000,34,+1,
Tower Defense,Other,moneyPerEnemy,Gold +,34,35,40,Sigils,58000000,35,+1,
Tower Defense,Other,moneyPerEnemy,Gold +,35,36,40,Sigils,75000000,36,+1,
Tower Defense,Other,moneyPerEnemy,Gold +,36,37,40,Sigils,95000000,37,+1,
Tower Defense,Other,moneyPerEnemy,Gold +,37,38,40,Sigils,120000000,38,+1,
Tower Defense,Other,moneyPerEnemy,Gold +,38,39,40,Sigils,160000000,39,+1,
Tower Defense,Other,moneyPerEnemy,Gold +,39,40,40,Sigils,220000000,40,+1,
Tower Defense,Other,goldMultiplier,Gold x,0,0,990,,0,1x,base,ligne ajoutee pour le niveau 0 sans achat
Tower Defense,Other,goldMultiplier,Gold x,0,1,90,Sigils,30,1.1x,+10%,
Tower Defense,Other,goldMultiplier,Gold x,1,2,90,Sigils,75,1.2x,+10%,
Tower Defense,Other,goldMultiplier,Gold x,2,3,90,Sigils,120,1.3x,+10%,
Tower Defense,Other,goldMultiplier,Gold x,3,4,90,Sigils,160,1.4x,+10%,
Tower Defense,Other,goldMultiplier,Gold x,4,5,90,Sigils,250,1.5x,+10%,
Tower Defense,Other,goldMultiplier,Gold x,5,6,90,Sigils,500,1.6x,+10%,
Tower Defense,Other,goldMultiplier,Gold x,6,7,90,Sigils,1000,1.7x,+10%,
Tower Defense,Other,goldMultiplier,Gold x,7,8,90,Sigils,2000,1.8x,+10%,
Tower Defense,Other,goldMultiplier,Gold x,8,9,90,Sigils,4000,1.9x,+10%,
Tower Defense,Other,goldMultiplier,Gold x,9,10,90,Sigils,7500,2x,+10%,
Tower Defense,Other,goldMultiplier,Gold x,10,11,90,Sigils,11000,2.1x,+10%,
Tower Defense,Other,goldMultiplier,Gold x,11,12,90,Sigils,16000,2.2x,+10%,
Tower Defense,Other,goldMultiplier,Gold x,12,13,90,Sigils,23400,2.3x,+10%,
Tower Defense,Other,goldMultiplier,Gold x,13,14,90,Sigils,34200,2.4x,+10%,
Tower Defense,Other,goldMultiplier,Gold x,14,15,90,Sigils,50000,2.5x,+10%,
Tower Defense,Other,goldMultiplier,Gold x,15,16,90,Sigils,66000,2.6x,+10%,
Tower Defense,Other,goldMultiplier,Gold x,16,17,90,Sigils,87100,2.7x,+10%,
Tower Defense,Other,goldMultiplier,Gold x,17,18,90,Sigils,115000,2.8x,+10%,
Tower Defense,Other,goldMultiplier,Gold x,18,19,90,Sigils,152000,2.9x,+10%,
Tower Defense,Other,goldMultiplier,Gold x,19,20,90,Sigils,200000,3x,+10%,
Tower Defense,Other,goldMultiplier,Gold x,20,21,90,Sigils,245000,3.1x,+10%,
Tower Defense,Other,goldMultiplier,Gold x,21,22,90,Sigils,299000,3.2x,+10%,
Tower Defense,Other,goldMultiplier,Gold x,22,23,90,Sigils,366000,3.3x,+10%,
Tower Defense,Other,goldMultiplier,Gold x,23,24,90,Sigils,448000,3.4x,+10%,
Tower Defense,Other,goldMultiplier,Gold x,24,25,90,Sigils,548000,3.5x,+10%,
Tower Defense,Other,goldMultiplier,Gold x,25,26,90,Sigils,670000,3.6x,+10%,
Tower Defense,Other,goldMultiplier,Gold x,26,27,90,Sigils,820000,3.7x,+10%,
Tower Defense,Other,goldMultiplier,Gold x,27,28,90,Sigils,1000000,3.8x,+10%,
Tower Defense,Other,goldMultiplier,Gold x,28,29,90,Sigils,1230000,3.9x,+10%,
Tower Defense,Other,goldMultiplier,Gold x,29,30,90,Sigils,1500000,4x,+10%,
Tower Defense,Other,goldMultiplier,Gold x,30,31,90,Sigils,1750000,4.1x,+10%,
Tower Defense,Other,goldMultiplier,Gold x,31,32,90,Sigils,2040000,4.2x,+10%,
Tower Defense,Other,goldMultiplier,Gold x,32,33,90,Sigils,2380000,4.3x,+10%,
Tower Defense,Other,goldMultiplier,Gold x,33,34,90,Sigils,2780000,4.4x,+10%,
Tower Defense,Other,goldMultiplier,Gold x,34,35,90,Sigils,3240000,4.5x,+10%,
Tower Defense,Other,goldMultiplier,Gold x,35,36,90,Sigils,3780000,4.6x,+10%,
Tower Defense,Other,goldMultiplier,Gold x,36,37,90,Sigils,4410000,4.7x,+10%,
Tower Defense,Other,goldMultiplier,Gold x,37,38,90,Sigils,5140000,4.8x,+10%,
Tower Defense,Other,goldMultiplier,Gold x,38,39,90,Sigils,6000000,4.9x,+10%,
Tower Defense,Other,goldMultiplier,Gold x,39,40,90,Sigils,7000000,5x,+10%,
Tower Defense,Other,goldMultiplier,Gold x,40,41,90,Sigils,7950000,5.1x,+10%,
Tower Defense,Other,goldMultiplier,Gold x,41,42,90,Sigils,9030000,5.2x,+10%,
Tower Defense,Other,goldMultiplier,Gold x,42,43,90,Sigils,10300000,5.3x,+10%,
Tower Defense,Other,goldMultiplier,Gold x,43,44,90,Sigils,11600000,5.4x,+10%,
Tower Defense,Other,goldMultiplier,Gold x,44,45,90,Sigils,13200000,5.5x,+10%,
Tower Defense,Other,goldMultiplier,Gold x,45,46,90,Sigils,15000000,5.6x,+10%,
Tower Defense,Other,goldMultiplier,Gold x,46,47,90,Sigils,17100000,5.7x,+10%,
Tower Defense,Other,goldMultiplier,Gold x,47,48,90,Sigils,19400000,5.8x,+10%,
Tower Defense,Other,goldMultiplier,Gold x,48,49,90,Sigils,22000000,5.9x,+10%,
Tower Defense,Other,goldMultiplier,Gold x,49,50,90,Sigils,25000000,6x,+10%,
Tower Defense,Other,goldMultiplier,Gold x,50,51,90,Sigils,27700000,6.1x,+10%,
Tower Defense,Other,goldMultiplier,Gold x,51,52,90,Sigils,30700000,6.2x,+10%,
Tower Defense,Other,goldMultiplier,Gold x,52,53,90,Sigils,34000000,6.3x,+10%,
Tower Defense,Other,goldMultiplier,Gold x,53,54,90,Sigils,37700000,6.4x,+10%,
Tower Defense,Other,goldMultiplier,Gold x,54,55,90,Sigils,41800000,6.5x,+10%,
Tower Defense,Other,goldMultiplier,Gold x,55,56,90,Sigils,46400000,6.6x,+10%,
Tower Defense,Other,goldMultiplier,Gold x,56,57,90,Sigils,51400000,6.7x,+10%,
Tower Defense,Other,goldMultiplier,Gold x,57,58,90,Sigils,57000000,6.8x,+10%,
Tower Defense,Other,goldMultiplier,Gold x,58,59,90,Sigils,63200000,6.9x,+10%,
Tower Defense,Other,goldMultiplier,Gold x,59,60,90,Sigils,70000000,7x,+10%,
Tower Defense,Other,goldMultiplier,Gold x,60,61,90,Sigils,75100000,7.1x,+10%,
Tower Defense,Other,goldMultiplier,Gold x,61,62,90,Sigils,80500000,7.2x,+10%,
Tower Defense,Other,goldMultiplier,Gold x,62,63,90,Sigils,86400000,7.3x,+10%,
Tower Defense,Other,goldMultiplier,Gold x,63,64,90,Sigils,92600000,7.4x,+10%,
Tower Defense,Other,goldMultiplier,Gold x,64,65,90,Sigils,99300000,7.5x,+10%,
Tower Defense,Other,goldMultiplier,Gold x,65,66,90,Sigils,107000000,7.6x,+10%,
Tower Defense,Other,goldMultiplier,Gold x,66,67,90,Sigils,114000000,7.7x,+10%,
Tower Defense,Other,goldMultiplier,Gold x,67,68,90,Sigils,123000000,7.8x,+10%,
Tower Defense,Other,goldMultiplier,Gold x,68,69,90,Sigils,131000000,7.9x,+10%,
Tower Defense,Other,goldMultiplier,Gold x,69,70,90,Sigils,141000000,8x,+10%,
Tower Defense,Other,goldMultiplier,Gold x,70,71,90,Sigils,151000000,8.1x,+10%,
Tower Defense,Other,goldMultiplier,Gold x,71,72,90,Sigils,162000000,8.2x,+10%,
Tower Defense,Other,goldMultiplier,Gold x,72,73,90,Sigils,174000000,8.3x,+10%,
Tower Defense,Other,goldMultiplier,Gold x,73,74,90,Sigils,186000000,8.4x,+10%,
Tower Defense,Other,goldMultiplier,Gold x,74,75,90,Sigils,200000000,8.5x,+10%,
Tower Defense,Other,goldMultiplier,Gold x,75,76,90,Sigils,212000000,8.6x,+10%,
Tower Defense,Other,goldMultiplier,Gold x,76,77,90,Sigils,224000000,8.7x,+10%,
Tower Defense,Other,goldMultiplier,Gold x,77,78,90,Sigils,237000000,8.8x,+10%,
Tower Defense,Other,goldMultiplier,Gold x,78,79,90,Sigils,251000000,8.9x,+10%,
Tower Defense,Other,goldMultiplier,Gold x,79,80,90,Sigils,266000000,9x,+10%,
Tower Defense,Other,goldMultiplier,Gold x,80,81,90,Sigils,281000000,9.1x,+10%,
Tower Defense,Other,goldMultiplier,Gold x,81,82,90,Sigils,297000000,9.2x,+10%,
Tower Defense,Other,goldMultiplier,Gold x,82,83,90,Sigils,315000000,9.3x,+10%,
Tower Defense,Other,goldMultiplier,Gold x,83,84,90,Sigils,333000000,9.4x,+10%,
Tower Defense,Other,goldMultiplier,Gold x,84,85,90,Sigils,353000000,9.5x,+10%,
Tower Defense,Other,goldMultiplier,Gold x,85,86,90,Sigils,373000000,9.6x,+10%,
Tower Defense,Other,goldMultiplier,Gold x,86,87,90,Sigils,395000000,9.7x,+10%,
Tower Defense,Other,goldMultiplier,Gold x,87,88,90,Sigils,418000000,9.8x,+10%,
Tower Defense,Other,goldMultiplier,Gold x,88,89,90,Sigils,442000000,9.9x,+10%,
Tower Defense,Other,goldMultiplier,Gold x,89,90,90,Sigils,468000000,10x,+10%,
Tower Defense,Other,xpGain,XP +,0,0,50,,0,+0,base,ligne ajoutee pour le niveau 0 sans achat
Tower Defense,Other,xpMultiplier,XP x,0,0,100,,0,1x,base,ligne ajoutee pour le niveau 0 sans achat
Tower Defense,Other,baseSpeed,Speed x,0,1,10,Sigils,60,1.1x,+10% base speed,
Tower Defense,Other,baseSpeed,Speed x,1,2,10,Sigils,5000,1.2x,+10% base speed,
Tower Defense,Other,baseSpeed,Speed x,2,3,10,Sigils,140000,1.3x,+10% base speed,
Tower Defense,Other,baseSpeed,Speed x,3,4,10,Sigils,1320000,1.4x,+10% base speed,
Tower Defense,Other,baseSpeed,Speed x,4,5,10,Sigils,5000000,1.5x,+10% base speed,
Tower Defense,Other,baseSpeed,Speed x,5,6,10,Sigils,15600000,1.6x,+10% base speed,
Tower Defense,Other,baseSpeed,Speed x,6,7,10,Sigils,48000000,1.7x,+10% base speed,
Tower Defense,Other,baseSpeed,Speed x,7,8,10,Sigils,144000000,1.8x,+10% base speed,
Tower Defense,Other,baseSpeed,Speed x,8,9,10,Sigils,416000000,1.9x,+10% base speed,
Tower Defense,Other,baseSpeed,Speed x,9,10,10,Sigils,1320000000,2x,+10% base speed,
